designer,3860,0,448
coder,9599,0,957
designer,4397,0,599
coder,11575,0,798
coder,13551,0,10944
profiler,3089,0,303
sketch,5443,0,526
feature_extractor,4362,0,249
designer,6913,0,1236
coder,12238,0,1380
coder,15192,0,922
profiler,3061,0,248
sketch,5415,0,562
feature_extractor,4460,0,713
designer,8429,0,600
coder,11593,0,1167
coder,14275,0,1236
profiler,3407,0,310
sketch,5761,0,669
feature_extractor,4680,0,270
designer,9079,0,1599
coder,12039,0,865
coder,14510,0,2629
profiler,3175,0,287
sketch,5529,0,738
feature_extractor,4448,0,253
designer,8798,0,933
coder,11933,0,962
coder,13452,0,2022
coder,15556,0,1632
profiler,3299,0,1232
sketch,5528,0,611
feature_extractor,4447,0,234
designer,9118,0,548
coder,11537,0,999
profiler,3127,0,287
sketch,5489,0,615
feature_extractor,4534,0,1142
designer,8747,0,1617
coder,12099,0,936
profiler,3090,0,337
sketch,5444,0,608
feature_extractor,4363,0,240
designer,9100,0,708
coder,0,0,1413
coder,13795,0,1509
profiler,3833,0,1040
sketch,6188,0,1635
feature_extractor,4981,0,311
designer,9268,0,2058
coder,11719,0,1224
coder,13520,0,1397
profiler,3584,0,282
sketch,5946,0,643
feature_extractor,0,0,310
designer,9200,0,567
coder,11593,0,13141
profiler,3311,0,272
sketch,5657,0,549
feature_extractor,0,0,245
designer,4533,0,975
coder,11564,0,820
profiler,3094,0,1060
sketch,5331,0,455
feature_extractor,4250,0,233
designer,6669,0,500
coder,11620,0,1587
coder,12867,0,1832
profiler,3982,0,257
sketch,6344,0,1336
feature_extractor,5263,0,233
designer,10077,0,3156
coder,12350,0,1797
profiler,4084,0,1128
sketch,6324,0,1243
feature_extractor,5243,0,233
designer,9818,0,1287
coder,12257,0,2396
profiler,4656,0,330
sketch,7133,0,1705
feature_extractor,5926,0,233
designer,0,0,2051
coder,13029,0,2907
profiler,0,0,262
sketch,0,0,1711
feature_extractor,6460,0,286
designer,13405,0,1835
coder,12483,0,2554
profiler,4174,0,430
sketch,6536,0,1268
feature_extractor,5455,0,233
designer,12750,0,2524
coder,13534,0,3423
profiler,5722,0,460
sketch,8073,0,1739
feature_extractor,6992,0,251
designer,14754,0,3184
coder,14201,0,2601
coder,18325,0,2729
profiler,5026,0,1766
sketch,7325,0,1518
feature_extractor,0,0,259
designer,13587,0,1480
coder,12466,0,1902
coder,16082,0,2662
coder,16254,0,2845
coder,16256,0,1667
coder,15841,0,3293
coder,15116,0,1094
profiler,3401,0,904
sketch,5753,0,1142
feature_extractor,4546,0,266
designer,10519,0,951
coder,11978,0,1213
profiler,3398,0,320
sketch,5878,0,1105
feature_extractor,4797,0,1324
designer,4396,0,559
coder,11548,0,836
coder,12869,0,996
coder,13644,0,1676
profiler,3851,0,318
sketch,0,0,122
feature_extractor,5123,0,259
designer,7292,0,1075
coder,12219,0,2180
coder,14434,0,781
coder,14377,0,799
profiler,2947,0,260
sketch,5429,0,2225
feature_extractor,4222,0,236
designer,8561,0,474
coder,11466,0,914
profiler,0,0,244
sketch,5401,0,496
feature_extractor,0,0,258
designer,8110,0,952
coder,0,0,934
profiler,3061,0,316
sketch,5414,0,482
feature_extractor,4333,0,261
designer,8481,0,1455
coder,11508,0,801
coder,12811,0,813
profiler,2926,0,256
sketch,5408,0,1228
feature_extractor,4201,0,236
designer,7876,0,586
coder,11589,0,1344
profiler,3481,0,327
sketch,0,0,550
feature_extractor,4753,0,275
designer,8737,0,1945
coder,11519,0,10848
profiler,2953,0,234
sketch,5309,0,393
feature_extractor,4354,0,790
designer,8079,0,1020
coder,12130,0,2015
profiler,2907,0,340
sketch,5386,0,1301
designer,4999,0,2031
feature_extractor,4305,0,1140
coder,13035,0,2050
designer,8168,0,2333
coder,11787,0,1272
coder,14745,0,2239
designer,4988,0,3104
coder,12648,0,2348
coder,16603,0,1911
profiler,0,0,323
sketch,5650,0,541
feature_extractor,4569,0,274
designer,8452,0,855
coder,0,0,1159
coder,16110,0,1937
coder,16304,0,1937
profiler,0,0,271
sketch,5800,0,1270
feature_extractor,4719,0,1148
coder,16299,0,4051
designer,0,0,1723
coder,16096,0,1892
coder,13202,0,3667
coder,0,0,1866
coder,16291,0,2527
coder,17810,0,3934
coder,0,0,2834
profiler,5523,0,987
sketch,7880,0,2061
feature_extractor,6794,0,1552
designer,10398,0,1755
coder,13123,0,2840
coder,17525,0,2871
coder,17558,0,2877
coder,17550,0,2904
coder,0,0,3844
coder,18437,0,2785
coder,17595,0,4008
designer,4785,0,1343
coder,12676,0,2411
coder,18200,0,2947
designer,10524,0,2269
coder,13239,0,3488
coder,17490,0,2828
coder,17536,0,3033
coder,17898,0,2809
coder,17663,0,3558
profiler,6246,0,308
sketch,8597,0,1773
feature_extractor,0,0,584
designer,16130,0,1699
coder,13219,0,3631
profiler,0,0,350
sketch,7825,0,1366
feature_extractor,6739,0,551
designer,16091,0,3741
coder,13012,0,3792
profiler,5431,0,311
sketch,7787,0,1506
feature_extractor,6701,0,713
designer,16005,0,1525
coder,12827,0,2558
coder,0,0,2650
coder,16048,0,2559
coder,0,0,2553
coder,17050,0,3210
coder,17064,0,3637
coder,17029,0,3090
coder,0,0,2519
designer,16131,0,2176
coder,13179,0,3459
coder,17497,0,2846
coder,17649,0,2915
coder,17691,0,2970
profiler,5655,0,894
sketch,7883,0,1801
feature_extractor,6797,0,733
designer,0,0,2054
coder,0,0,2915
coder,17862,0,3042
coder,18185,0,3488
coder,18083,0,3569
profiler,5397,0,322
sketch,7750,0,1747
feature_extractor,6664,0,680
designer,16380,0,2530
coder,0,0,2895
coder,17830,0,2908
coder,18034,0,3527
profiler,5547,0,1142
sketch,7775,0,1624
feature_extractor,6689,0,583
designer,14878,0,2163
coder,13527,0,2877
coder,18103,0,2854
profiler,5390,0,268
sketch,7743,0,1910
feature_extractor,6657,0,558
designer,4714,0,1635
coder,13055,0,3427
coder,17197,0,2858
coder,0,0,2879
coder,17628,0,4077
coder,17925,0,3317
coder,17946,0,3382
profiler,6125,0,977
sketch,8350,0,1633
feature_extractor,7262,0,594
designer,10951,0,2282
coder,13692,0,3160
coder,18471,0,2924
coder,18220,0,4008
profiler,0,0,327
sketch,7830,0,1645
feature_extractor,6868,0,2639
designer,15781,0,1527
coder,12934,0,2544
profiler,5224,0,925
sketch,7444,0,1311
feature_extractor,6356,0,552
designer,14399,0,1412
coder,12883,0,3318
profiler,4943,0,266
sketch,7293,0,1102
feature_extractor,6331,0,1863
designer,14744,0,1757
coder,12618,0,2384
profiler,4933,0,237
sketch,7283,0,1119
feature_extractor,6195,0,731
designer,13304,0,1528
coder,12887,0,2885
coder,17441,0,2929
profiler,5541,0,445
sketch,7886,0,1520
feature_extractor,6798,0,692
designer,14177,0,1433
coder,12811,0,2353
profiler,4916,0,293
sketch,7392,0,2720
feature_extractor,6178,0,482
designer,13124,0,1357
coder,12838,0,2996
profiler,4888,0,326
sketch,0,0,1279
feature_extractor,6276,0,1529
designer,13322,0,1368
coder,12875,0,3026
profiler,4887,0,293
sketch,7232,0,1327
feature_extractor,6144,0,467
designer,14856,0,1815
coder,0,0,2663
coder,17488,0,2767
coder,17678,0,3884
coder,17819,0,2793
coder,17607,0,2727
coder,17587,0,2756
coder,17773,0,2749
coder,0,0,2830
designer,4740,0,1616
coder,13102,0,3664
profiler,9644,0,235
sketch,7877,0,1672
feature_extractor,6787,0,705
designer,10385,0,2301
coder,13693,0,2809
designer,4398,0,1486
coder,0,0,2215
coder,16265,0,2321
coder,16632,0,3708
coder,16267,0,2637
coder,16396,0,2641
coder,16479,0,2639
coder,0,0,2661
coder,16847,0,2701
designer,4569,0,1716
coder,12725,0,2370
coder,16862,0,2571
coder,17099,0,3226
coder,17082,0,2643
coder,17106,0,2643
coder,17104,0,2663
coder,17197,0,2663
coder,17107,0,2663
designer,4569,0,1620
coder,12650,0,2447
coder,0,0,2462
coder,16908,0,2417
coder,16460,0,3689
coder,17046,0,3103
coder,0,0,2524
coder,16483,0,2671
coder,16707,0,2833
designer,4569,0,1620
coder,12649,0,2379
coder,16468,0,3244
coder,16909,0,2529
coder,17090,0,2622
coder,16706,0,2622
coder,16638,0,2622
coder,17102,0,2622
coder,16619,0,2636
designer,0,0,1606
coder,0,0,2310
coder,16213,0,2323
coder,0,0,2323
coder,16389,0,2325
coder,0,0,2323
coder,0,0,2323
coder,16490,0,3101
coder,17119,0,3120
designer,0,0,1620
coder,12775,0,3610
coder,17218,0,2461
coder,16383,0,2463
coder,16588,0,3780
coder,0,0,2125
coder,16669,0,2129
coder,16177,0,2129
coder,0,0,2129
designer,0,0,1620
coder,0,0,2583
coder,0,0,2552
coder,16720,0,3935
coder,0,0,2594
coder,16994,0,2588
coder,16621,0,2590
coder,16594,0,2601
coder,16658,0,2603
designer,4569,0,1620
coder,12775,0,3010
coder,0,0,2364
coder,0,0,2462
coder,0,0,2468
coder,0,0,2469
coder,16488,0,2480
coder,0,0,2485
coder,17033,0,2489
designer,0,0,1620
coder,12649,0,2476
coder,0,0,2609
coder,17090,0,2613
coder,17257,0,3315
coder,16684,0,2645
coder,16781,0,2643
coder,0,0,2645
coder,0,0,2645
designer,4569,0,1620
coder,12650,0,2447
coder,0,0,2460
coder,16956,0,2419
coder,0,0,2419
coder,0,0,2421
coder,16985,0,2419
coder,16495,0,3394
coder,0,0,2415
designer,0,0,894
coder,11856,0,1549
profiler,3707,0,265
sketch,6059,0,759
feature_extractor,4973,0,414
designer,7857,0,1325
coder,0,0,1893
profiler,0,0,295
sketch,0,0,773
feature_extractor,0,0,478
designer,0,0,871
coder,0,0,1606
profiler,0,0,285
sketch,0,0,734
feature_extractor,0,0,407
designer,10219,0,940
coder,0,0,1723
profiler,0,0,298
sketch,6271,0,791
feature_extractor,5185,0,470
designer,10986,0,1383
coder,0,0,1761
profiler,0,0,297
sketch,6315,0,729
feature_extractor,0,0,395
designer,10947,0,1355
coder,11881,0,1574
profiler,3727,0,276
sketch,0,0,729
feature_extractor,0,0,458
designer,10201,0,1006
coder,12049,0,1748
profiler,4085,0,830
sketch,0,0,734
feature_extractor,5227,0,426
designer,0,0,864
coder,0,0,1731
profiler,3936,0,282
sketch,6289,0,791
feature_extractor,0,0,446
designer,10444,0,1004
coder,0,0,1888
profiler,4089,0,214
sketch,0,0,769
feature_extractor,0,0,399
designer,10497,0,907
coder,11933,0,1706
profiler,3895,0,268
sketch,0,0,731
feature_extractor,5159,0,433
designer,4410,0,2485
coder,0,0,2907
coder,18042,0,1264
coder,0,0,1264
coder,16463,0,3069
coder,0,0,1255
coder,0,0,1255
coder,16288,0,1277
coder,16531,0,3172
designer,0,0,1764
coder,0,0,3323
coder,0,0,2827
coder,17319,0,2825
coder,17249,0,2825
designer,0,0,1764
coder,0,0,2709
coder,0,0,2253
coder,0,0,2251
coder,16832,0,2893
coder,0,0,1487
coder,0,0,1468
coder,15879,0,1466
coder,15873,0,1434
designer,0,0,1764
coder,0,0,2709
coder,0,0,2705
coder,0,0,2703
coder,0,0,2705
coder,0,0,2705
coder,17169,0,2705
coder,0,0,2705
coder,17164,0,3232
designer,0,0,1752
coder,0,0,3307
coder,0,0,2795
coder,0,0,52
coder,0,0,2525
coder,0,0,2375
coder,16979,0,3146
coder,0,0,2375
coder,16872,0,2375
designer,0,0,1764
coder,0,0,3323
coder,17780,0,2473
coder,17064,0,3165
coder,0,0,2327
coder,0,0,2325
coder,16927,0,5463
coder,16896,0,2349
coder,0,0,2347
designer,0,0,1764
coder,0,0,2204
coder,0,0,2204
coder,0,0,2117
coder,0,0,2117
coder,0,0,2115
coder,0,0,2117
coder,0,0,2409
coder,16815,0,2373
designer,0,0,1752
coder,0,0,3266
coder,0,0,2889
coder,0,0,2861
profiler,8289,0,1038
sketch,0,0,1778
feature_extractor,0,0,462
designer,0,0,2035
coder,13023,0,2911
profiler,0,0,280
sketch,0,0,1865
feature_extractor,6388,0,427
designer,4386,0,1498
coder,0,0,2409
coder,0,0,2540
coder,0,0,2540
coder,0,0,2540
coder,17017,0,3240
coder,0,0,2490
coder,0,0,2490
profiler,4762,0,499
sketch,7102,0,1255
feature_extractor,0,0,590
designer,9666,0,1850
coder,12504,0,2550
profiler,0,0,248
sketch,6557,0,1116
feature_extractor,0,0,355
designer,0,0,1664
coder,0,0,3027
profiler,6787,0,258
sketch,7742,0,1962
feature_extractor,0,0,455
designer,0,0,1381
coder,0,0,2152
profiler,4430,0,260
sketch,6896,0,1987
feature_extractor,0,0,510
designer,12404,0,1634
coder,0,0,2584
profiler,6485,0,1301
sketch,7183,0,1653
feature_extractor,0,0,500
designer,13603,0,1885
coder,0,0,3148
profiler,6947,0,255
sketch,0,0,1558
feature_extractor,0,0,505
designer,0,0,2036
coder,13111,0,2885
coder,0,0,3483
coder,0,0,2440
profiler,4706,0,474
sketch,7046,0,1415
feature_extractor,0,0,439
designer,0,0,1432
coder,0,0,2129
coder,0,0,2232
coder,0,0,1334
profiler,8525,0,283
sketch,0,0,819
feature_extractor,0,0,370
designer,0,0,1319
coder,0,0,1788
coder,0,0,1783
profiler,9037,0,299
sketch,0,0,869
feature_extractor,0,0,326
designer,0,0,1075
coder,0,0,1558
profiler,0,0,307
sketch,0,0,1422
feature_extractor,0,0,339
designer,0,0,1512
coder,0,0,2131
coder,16287,0,3926
coder,0,0,59
coder,13294,0,2247
coder,15845,0,1742
coder,15888,0,4068
coder,15711,0,1647
coder,15901,0,3845
designer,4578,0,1579
coder,12581,0,1891
coder,16168,0,3770
coder,0,0,1971
coder,16262,0,1971
coder,0,0,1971
coder,0,0,1971
coder,16492,0,2463
coder,16370,0,1971
designer,4704,0,3282
coder,13688,0,3439
profiler,12707,0,265
sketch,0,0,1122
feature_extractor,7036,0,1268
designer,10133,0,2016
coder,0,0,2758
coder,0,0,2780
coder,0,0,2780
coder,17185,0,3142
coder,0,0,2437
coder,16802,0,2433
coder,0,0,2431
coder,16826,0,2431
designer,0,0,1520
coder,0,0,2637
coder,0,0,2637
coder,0,0,2639
coder,16806,0,2663
coder,0,0,2661
coder,16876,0,2663
coder,0,0,3266
coder,0,0,2991
designer,0,0,1520
coder,0,0,2646
coder,0,0,2648
coder,0,0,2646
coder,0,0,2670
coder,0,0,2420
coder,0,0,2422
coder,0,0,2420
coder,0,0,2420
designer,0,0,1520
coder,12511,0,2715
coder,0,0,2715
coder,0,0,2715
coder,0,0,2713
coder,0,0,2710
coder,0,0,2708
coder,0,0,2708
coder,0,0,2708
designer,0,0,1520
coder,0,0,2637
coder,0,0,2657
coder,0,0,2657
coder,16940,0,3341
coder,0,0,2665
coder,0,0,2692
coder,0,0,2690
coder,16894,0,2690
designer,10133,0,2154
coder,0,0,2565
coder,0,0,2619
coder,0,0,2374
coder,0,0,2372
coder,0,0,2374
coder,0,0,2376
coder,0,0,2378
coder,0,0,2376
designer,0,0,1520
coder,0,0,2715
coder,0,0,2715
coder,0,0,2000
coder,0,0,2729
coder,0,0,2727
coder,16846,0,2729
coder,16920,0,2727
coder,0,0,2729
designer,0,0,1239
coder,12392,0,4331
coder,0,0,1841
coder,16137,0,2470
coder,0,0,1807
coder,15699,0,4138
coder,0,0,1823
coder,0,0,1894
coder,16096,0,1888
designer,0,0,1524
coder,0,0,2111
coder,0,0,2177
coder,0,0,2178
coder,0,0,2171
coder,0,0,2266
coder,16798,0,5278
coder,0,0,2263
coder,0,0,2263
designer,0,0,1399
coder,0,0,2135
coder,15164,0,2242
coder,0,0,2321
coder,0,0,2323
coder,16660,0,3026
coder,0,0,2273
coder,0,0,2280
coder,0,0,2219
designer,4719,0,1895
coder,12572,0,2798
coder,0,0,2116
coder,0,0,2116
coder,0,0,2116
coder,0,0,2116
coder,0,0,2116
coder,0,0,2121
coder,0,0,2121
designer,0,0,1399
coder,12444,0,2101
coder,16225,0,2917
coder,0,0,2298
coder,0,0,1921
coder,16082,0,1928
coder,16079,0,1981
coder,0,0,1978
coder,16316,0,5111
designer,4593,0,1399
coder,12444,0,2151
coder,0,0,2316
coder,0,0,2316
coder,0,0,2330
coder,16737,0,3048
coder,0,0,2421
coder,0,0,2425
coder,0,0,2403
designer,0,0,1399
coder,0,0,2111
coder,0,0,2216
coder,0,0,2265
coder,16480,0,2294
coder,0,0,2294
coder,16769,0,3008
coder,0,0,2444
coder,0,0,2446
designer,0,0,1399
coder,12570,0,4879
coder,0,0,2140
coder,0,0,2271
coder,0,0,2271
coder,0,0,2234
coder,16484,0,2234
coder,0,0,2234
coder,0,0,2234
designer,0,0,1399
coder,0,0,2135
coder,16319,0,2249
coder,0,0,2358
coder,0,0,2387
coder,0,0,1770
coder,15943,0,1845
coder,0,0,1800
coder,0,0,1681
designer,4593,0,1399
coder,12444,0,2125
coder,0,0,2218
coder,15291,0,2141
coder,0,0,2200
coder,16511,0,2208
coder,0,0,2185
coder,0,0,2185
coder,0,0,2170
designer,0,0,2421
coder,0,0,3736
coder,0,0,1269
coder,16373,0,1326
coder,0,0,1326
coder,0,0,1334
coder,0,0,1334
coder,0,0,1334
coder,0,0,1349
designer,0,0,2242
coder,0,0,2978
coder,0,0,3013
profiler,5469,0,460
sketch,0,0,2114
feature_extractor,0,0,406
designer,0,0,2324
coder,0,0,2990
coder,0,0,3042
designer,4956,6527,7553
coder,10329,10620,14295
coder,14851,2539,6638
coder,15252,4651,8457
coder,14942,4616,8076
designer,3461,4168,4790
feature_extractor,3106,2288,2593
coder,8483,4255,5637
coder,10853,1332,2729
profiler,3036,2498,2632
coder,8483,2496,5373
designer,3461,10809,11381
feature_extractor,3073,2773,3090
coder,8449,4829,6454
coder,8449,6685,8187
coder,8449,8273,10252
coder,10993,2259,3920
profiler,3137,2281,2413
profiler,3285,2887,3010
profiler,3606,5537,5680
designer,3461,6108,6756
feature_extractor,3149,3671,3970
coder,8526,3249,5187
coder,8526,4497,5963
coder,8526,9427,10598
profiler,2822,2567,2689
coder,11209,3901,5370
profiler,3116,2663,2799
profiler,3556,16384,16384
sketch,4563,1356,1976
sketch,5305,2070,2652
sketch,4865,4061,4596
feature_extractor,3583,2998,3292
feature_extractor,3885,1795,2122
feature_extractor,4325,2786,3083
